﻿<root>
<formula id='1'>
<eq>{\displaystyle {\mathcal {P}}}</eq>
<math>
<mrow>
<mrow>
<mrow><mi>𝒫</mi></mrow></mrow></mrow></math>
</formula>
<formula id='2'>
<eq>\displaystyle \operatorname {Var} (X)}</eq>
<math>
<mrow>
<mrow><mi>V</mi><mi>a</mi><mi>r</mi></mrow><mo>(</mo><mi>X</mi><mo>)</mo></mrow></math>
</formula>
<formula id='3'>
<eq>{\displaystyle D[X]={\frac {1}{2}}\sum _{i=1}^{n}\sum _{j=1}^{n}</eq>
<math>
<mrow>
<mrow><mi>D</mi><mo>[</mo><mi>X</mi><mo>]</mo><mo>=</mo>
<mrow><mfrac>
<mrow><mn>1</mn></mrow>
<mrow><mn>2</mn></mrow></mfrac></mrow><munderover><mo>∑</mo>
<mrow><mi>i</mi><mo>=</mo><mn>1</mn></mrow>
<mrow><mi>n</mi></mrow></munderover><munderover><mo>∑</mo>
<mrow><mi>j</mi><mo>=</mo><mn>1</mn></mrow>
<mrow><mi>n</mi></mrow></munderover></mrow></mrow></math>
</formula>
<formula id='4'>
<eq>{\displaystyle D[X]=M[X^{2}]-\left(M[X]\right)^{2}=U''(0)-\left(U'(0)\right)^{2}}</eq>
<math>
<mrow>
<mrow><mi>D</mi><mo>[</mo><mi>X</mi><mo>]</mo><mo>=</mo><mi>M</mi><mo>[</mo><msup><mi>X</mi>
<mrow><mn>2</mn></mrow></msup><mo>]</mo><mo>-</mo><msup><mfenced open="(" close=")">
<mrow><mi>M</mi><mo>[</mo><mi>X</mi><mo>]</mo></mrow></mfenced>
<mrow><mn>2</mn></mrow></msup><mo>=</mo><mi>U</mi><mo>'</mo><mo>'</mo><mo>(</mo><mn>0</mn><mo>)</mo><mo>-</mo><msup><mfenced open="(" close=")">
<mrow><mi>U</mi><mo>'</mo><mo>(</mo><mn>0</mn><mo>)</mo></mrow></mfenced>
<mrow><mn>2</mn></mrow></msup></mrow></mrow></math>
</formula>
<formula id='5'>
<eq>\frac{5}{6}</eq>
<math>
<mrow><mfrac>
<mrow><mn>5</mn></mrow>
<mrow><mn>6</mn></mrow></mfrac></mrow></math>
</formula>
<formula id='6'>
<eq>{\displaystyle y_{j}=r(\xi _{m})}</eq>
<math>
<mrow>
<mrow><msub><mi>y</mi>
<mrow><mi>j</mi></mrow></msub><mo>=</mo><mi>r</mi><mo>(</mo><msub><mi>ϕ</mi>
<mrow><mi>m</mi></mrow></msub><mo>)</mo></mrow></mrow></math>
</formula>
</root>
